benchmark名字,数据集名称,中文链接,英文链接,数据集主页,bib,cite
Task704_ToothFairy2023,ToothFairy2023,https://zhuanlan.zhihu.com/p/655121552,https://github.com/openmedlab/Awesome-Medical-Dataset/blob/main/resources/ToothFairy.md,https://ditto.ing.unimore.it/toothfairy/,"@inproceedings{2022CVPR,author={Cipriano,Marco and Allegretti,Stefano and Bolelli,Federico and Pollastri,Federico and Grana,Costantino},title={Improving Segmentation of the Inferior Alveolar Nerve through Deep Label Propagation},booktitle={Proceedings of the IEEE/CVF Conference on Computer Vision and Pattern Recognition (CVPR)},year={2022},pages={21137--21146},publisher={IEEE},venue={New Orleans,USA},month={Jun}
}",~\cite{2022CVPR}
Task503_BraTs2015,BraTS2015,,,https://www.smir.ch/BRATS/Start2015,"@article{BRATS15,
  TITLE = {{The Multimodal Brain Tumor Image Segmentation Benchmark (BRATS)}},
  AUTHOR = {Menze, Bjoern and Jakab, Andras and Bauer, Stefan and Kalpathy-Cramer, Jayashree and Farahani, Keyvan and Kirby, Justin and Burren, Yuliya and Porz, Nicole and Slotboom, Johannes and Wiest, Roland and Lanczi, Levente and Gerstner, Elisabeth and Weber, Marc-Andre and Arbel, Tal and Avants, Brian and Ayache, Nicholas and Buendia, Patricia and Collins, Louis and Cordier, Nicolas and Corso, Jason and Criminisi, Antonio and Das, Tilak and Delingette, Herv{\'e} and Demiralp, Cagatay and Durst, Christopher and Dojat, Michel and Doyle, Senan and Festa, Joana and Forbes, Florence and Geremia, Ezequiel and Glocker, Ben and Golland, Polina and Guo, Xiaotao and Hamamci, Andac and Iftekharuddin, Khan and Jena, Raj and John, Nigel and Konukoglu, Ender and Lashkari, Danial and Antonio Mariz, Jose and Meier, Raphael and Pereira, Sergio and Precup, Doina and Price, S. J. and Riklin-Raviv, Tammy and Reza, Syed and Ryan, Michael and Schwartz, Lawrence and Shin, Hoo-Chang and Shotton, Jamie and Silva, Carlos and Sousa, Nuno and Subbanna, Nagesh and Szekely, Gabor and Taylor, Thomas and Thomas, Owen and Tustison, Nicholas and Unal, Gozde and Vasseur, Flor and Wintermark, Max and Hye Ye, Dong and Zhao, Liang and Zhao, Binsheng and Zikic, Darko and Prastawa, Marcel and Reyes, Mauricio and Van Leemput, Koen},
  URL = {https://hal.inria.fr/hal-00935640},
  JOURNAL = {{IEEE Transactions on Medical Imaging}},
  PUBLISHER = {{Institute of Electrical and Electronics Engineers (IEEE)}},
  PAGES = {33},
  YEAR = {2014},
  DOI = {10.1109/TMI.2014.2377694},
  HAL_ID = {hal-00935640},
  HAL_VERSION = {v2},
}",~\cite{BRATS15}
Task044_CrossMoDA23,CrossMoDA2023,https://zhuanlan.zhihu.com/p/670098600,https://github.com/openmedlab/Awesome-Medical-Dataset/blob/main/resources/CrossMoDA2023.md,https://www.synapse.org/#!Synapse:syn51236108/wiki/621732,"@article{DORENT2023102628,title = {CrossMoDA 2021 challenge: Benchmark of cross-modality domain adaptation techniques for vestibular schwannoma and cochlea segmentation},journal = {Medical Image Analysis},volume = {83},pages = {102628},year = {2023},issn = {1361-8415},doi = {https://doi.org/10.1016/j.media.2022.102628},url = {https://www.sciencedirect.com/science/article/pii/S1361841522002560},author = {Reuben Dorent and Aaron Kujawa and Marina Ivory and Spyridon Bakas and Nicola Rieke and Samuel Joutard and Ben Glocker and Jorge Cardoso and Marc Modat and Kayhan Batmanghelich and Arseniy Belkov and Maria Baldeon Calisto and Jae Won Choi and Benoit M. Dawant and Hexin Dong and Sergio Escalera and Yubo Fan and Lasse Hansen and Mattias P. Heinrich and Smriti Joshi and Victoriya Kashtanova and Hyeon Gyu Kim and Satoshi Kondo and Christian N. Kruse and Susana K. Lai-Yuen and Hao Li and Han Liu and Buntheng Ly and Ipek Oguz and Hyungseob Shin and Boris Shirokikh and Zixian Su and Guotai Wang and Jianghao Wu and Yanwu Xu and Kai Yao and Li Zhang and Sébastien Ourselin and Jonathan Shapey and Tom Vercauteren},keywords = {Domain adaptation,Segmentation,Vestibular schwannoma},abstract = {Domain Adaptation (DA) has recently been of strong interest in the medical imaging community. While a large variety of DA techniques have been proposed for image segmentation,most of these techniques have been validated either on private datasets or on small publicly available datasets. Moreover,these datasets mostly addressed single-class problems. To tackle these limitations,the Cross-Modality Domain Adaptation (crossMoDA) challenge was organised in conjunction with the 24th International Conference on Medical Image Computing and Computer Assisted Intervention (MICCAI 2021). CrossMoDA is the first large and multi-class benchmark for unsupervised cross-modality Domain Adaptation. The goal of the challenge is to segment two key brain structures involved in the follow-up and treatment planning of vestibular schwannoma (VS): the VS and the cochleas. Currently,the diagnosis and surveillance in patients with VS are commonly performed using contrast-enhanced T1 (ceT1) MR imaging. However,there is growing interest in using non-contrast imaging sequences such as high-resolution T2 (hrT2) imaging. For this reason,we established an unsupervised cross-modality segmentation benchmark. The training dataset provides annotated ceT1 scans (N=105) and unpaired non-annotated hrT2 scans (N=105). The aim was to automatically perform unilateral VS and bilateral cochlea segmentation on hrT2 scans as provided in the testing set (N=137). This problem is particularly challenging given the large intensity distribution gap across the modalities and the small volume of the structures. A total of 55 teams from 16 countries submitted predictions to the validation leaderboard. Among them,16 teams from 9 different countries submitted their algorithm for the evaluation phase. The level of performance reached by the top-performing teams is strikingly high (best median Dice score — VS: 88.4%,Cochleas: 85.7%) and close to full supervision (median Dice score — VS: 92.5%,Cochleas: 87.7%). All top-performing methods made use of an image-to-image translation approach to transform the source-domain images into pseudo-target-domain images. A segmentation network was then trained using these generated images and the manual annotations provided for the source image.}
}",~\cite{DORENT2023102628}
Task895_BraTS2023_SSA,BraTS2023_SSA,https://zhuanlan.zhihu.com/p/662771989,https://github.com/openmedlab/Awesome-Medical-Dataset/blob/main/resources/BraTS2023-SSA.md,https://www.synapse.org/#!Synapse:syn51156910/wiki/622556,"@misc{adewole2023brain,title={The Brain Tumor Segmentation (BraTS) Challenge 2023: Glioma Segmentation in Sub-Saharan Africa Patient Population (BraTS-Africa)},author={Maruf Adewole and Jeffrey D. Rudie and Anu Gbadamosi and Oluyemisi Toyobo and Confidence Raymond and Dong Zhang and Olubukola Omidiji and Rachel Akinola and Mohammad Abba Suwaid and Adaobi Emegoakor and Nancy Ojo and Kenneth Aguh and Chinasa Kalaiwo and Gabriel Babatunde and Afolabi Ogunleye and Yewande Gbadamosi and Kator Iorpagher and Evan Calabrese and Mariam Aboian and Marius Linguraru and Jake Albrecht and Benedikt Wiestler and Florian Kofler and Anastasia Janas and Dominic LaBella and Anahita Fathi Kzerooni and Hongwei Bran Li and Juan Eugenio Iglesias and Keyvan Farahani and James Eddy and Timothy Bergquist and Verena Chung and Russell Takeshi Shinohara and Walter Wiggins and Zachary Reitman and Chunhao Wang and Xinyang Liu and Zhifan Jiang and Ariana Familiar and Koen Van Leemput and Christina Bukas and Maire Piraud and Gian-Marco Conte and Elaine Johansson and Zeke Meier and Bjoern H Menze and Ujjwal Baid and Spyridon Bakas and Farouk Dako and Abiodun Fatade and Udunna C Anazodo},year={2023},eprint={2305.19369},archivePrefix={arXiv},primaryClass={eess.IV}
}",~\cite{adewole2023brain}
Task001_BrainTumour,BRATS,https://zhuanlan.zhihu.com/p/708543999,https://github.com/openmedlab/Awesome-Medical-Dataset/blob/main/resources/MSD_Brain.md,http://medicaldecathlon.com/,"@article{antonelli2022medical,title={The medical segmentation decathlon},author={Antonelli,Michela and Reinke,Annika and Bakas,Spyridon and Farahani,Keyvan and Kopp-Schneider,Annette and Landman,Bennett A and Litjens,Geert and Menze,Bjoern and Ronneberger,Olaf and Summers,Ronald M and others},journal={Nature communications},volume={13},number={1},pages={4128},year={2022},publisher={Nature Publishing Group UK London}
}",~\cite{antonelli2022medical}
Task002_Heart,LeftAtrium,https://zhuanlan.zhihu.com/p/666170466,https://github.com/openmedlab/Awesome-Medical-Dataset/blob/main/resources/MSD_Cardiac.md,http://medicaldecathlon.com/,"@article{antonelli2022medical,title={The medical segmentation decathlon},author={Antonelli,Michela and Reinke,Annika and Bakas,Spyridon and Farahani,Keyvan and Kopp-Schneider,Annette and Landman,Bennett A and Litjens,Geert and Menze,Bjoern and Ronneberger,Olaf and Summers,Ronald M and others},journal={Nature communications},volume={13},number={1},pages={4128},year={2022},publisher={Nature Publishing Group UK London}
}",~\cite{antonelli2022medical}
Task003_Liver,Liver,https://zhuanlan.zhihu.com/p/655174097,https://github.com/openmedlab/Awesome-Medical-Dataset/blob/main/resources/LiTS.md,http://medicaldecathlon.com/,"@article{antonelli2022medical,title={The medical segmentation decathlon},author={Antonelli,Michela and Reinke,Annika and Bakas,Spyridon and Farahani,Keyvan and Kopp-Schneider,Annette and Landman,Bennett A and Litjens,Geert and Menze,Bjoern and Ronneberger,Olaf and Summers,Ronald M and others},journal={Nature communications},volume={13},number={1},pages={4128},year={2022},publisher={Nature Publishing Group UK London}
}",~\cite{antonelli2022medical}
Task004_Hippocampus,Hippocampus,https://zhuanlan.zhihu.com/p/667516333,https://github.com/openmedlab/Awesome-Medical-Dataset/blob/main/resources/MSD_Hippocampus.md,http://medicaldecathlon.com/,"@article{antonelli2022medical,title={The medical segmentation decathlon},author={Antonelli,Michela and Reinke,Annika and Bakas,Spyridon and Farahani,Keyvan and Kopp-Schneider,Annette and Landman,Bennett A and Litjens,Geert and Menze,Bjoern and Ronneberger,Olaf and Summers,Ronald M and others},journal={Nature communications},volume={13},number={1},pages={4128},year={2022},publisher={Nature Publishing Group UK London}
}",~\cite{antonelli2022medical}
Task005_Prostate,PROSTATE,https://zhuanlan.zhihu.com/p/666092633,https://github.com/openmedlab/Awesome-Medical-Dataset/blob/main/resources/MSD_Prostate.md,http://medicaldecathlon.com/,"@article{antonelli2022medical,title={The medical segmentation decathlon},author={Antonelli,Michela and Reinke,Annika and Bakas,Spyridon and Farahani,Keyvan and Kopp-Schneider,Annette and Landman,Bennett A and Litjens,Geert and Menze,Bjoern and Ronneberger,Olaf and Summers,Ronald M and others},journal={Nature communications},volume={13},number={1},pages={4128},year={2022},publisher={Nature Publishing Group UK London}
}",~\cite{antonelli2022medical}
Task006_Lung,Lung,https://zhuanlan.zhihu.com/p/665638206,https://github.com/openmedlab/Awesome-Medical-Dataset/blob/main/resources/MSD_Lung_Tumours.md,http://medicaldecathlon.com/,"@article{antonelli2022medical,title={The medical segmentation decathlon},author={Antonelli,Michela and Reinke,Annika and Bakas,Spyridon and Farahani,Keyvan and Kopp-Schneider,Annette and Landman,Bennett A and Litjens,Geert and Menze,Bjoern and Ronneberger,Olaf and Summers,Ronald M and others},journal={Nature communications},volume={13},number={1},pages={4128},year={2022},publisher={Nature Publishing Group UK London}
}",~\cite{antonelli2022medical}
Task007_Pancreas,Pancreas,https://zhuanlan.zhihu.com/p/663615985,https://github.com/openmedlab/Awesome-Medical-Dataset/blob/main/resources/MSD_Pancreas_Tumour.md,http://medicaldecathlon.com/,"@article{antonelli2022medical,title={The medical segmentation decathlon},author={Antonelli,Michela and Reinke,Annika and Bakas,Spyridon and Farahani,Keyvan and Kopp-Schneider,Annette and Landman,Bennett A and Litjens,Geert and Menze,Bjoern and Ronneberger,Olaf and Summers,Ronald M and others},journal={Nature communications},volume={13},number={1},pages={4128},year={2022},publisher={Nature Publishing Group UK London}
}",~\cite{antonelli2022medical}
Task008_HepaticVessel,HepaticVessel,https://zhuanlan.zhihu.com/p/662354003,https://github.com/openmedlab/Awesome-Medical-Dataset/blob/main/resources/MSD_Hepatic_Vessel.md,http://medicaldecathlon.com/,"@article{antonelli2022medical,title={The medical segmentation decathlon},author={Antonelli,Michela and Reinke,Annika and Bakas,Spyridon and Farahani,Keyvan and Kopp-Schneider,Annette and Landman,Bennett A and Litjens,Geert and Menze,Bjoern and Ronneberger,Olaf and Summers,Ronald M and others},journal={Nature communications},volume={13},number={1},pages={4128},year={2022},publisher={Nature Publishing Group UK London}
}",~\cite{antonelli2022medical}
Task009_Spleen,Spleen,https://zhuanlan.zhihu.com/p/664964546,https://github.com/openmedlab/Awesome-Medical-Dataset/blob/main/resources/MSD_Spleen.md,http://medicaldecathlon.com/,"@article{antonelli2022medical,title={The medical segmentation decathlon},author={Antonelli,Michela and Reinke,Annika and Bakas,Spyridon and Farahani,Keyvan and Kopp-Schneider,Annette and Landman,Bennett A and Litjens,Geert and Menze,Bjoern and Ronneberger,Olaf and Summers,Ronald M and others},journal={Nature communications},volume={13},number={1},pages={4128},year={2022},publisher={Nature Publishing Group UK London}
}",~\cite{antonelli2022medical}
Task010_Colon,Colon,https://zhuanlan.zhihu.com/p/665665083,https://github.com/openmedlab/Awesome-Medical-Dataset/blob/main/resources/MSD_Colon_Cancer.md,http://medicaldecathlon.com/,"@article{antonelli2022medical,title={The medical segmentation decathlon},author={Antonelli,Michela and Reinke,Annika and Bakas,Spyridon and Farahani,Keyvan and Kopp-Schneider,Annette and Landman,Bennett A and Litjens,Geert and Menze,Bjoern and Ronneberger,Olaf and Summers,Ronald M and others},journal={Nature communications},volume={13},number={1},pages={4128},year={2022},publisher={Nature Publishing Group UK London}
}",~\cite{antonelli2022medical}
Task019_BraTS21,BraTS2021,https://zhuanlan.zhihu.com/p/658218207,https://github.com/openmedlab/Awesome-Medical-Dataset/blob/main/resources/BraTS2021.md,https://www.med.upenn.edu/cbica/brats2021/,"@article{baid2021rsna,title={The rsna-asnr-miccai brats 2021 benchmark on brain tumor segmentation and radiogenomic classification},author={Baid,Ujjwal and Ghodasara,Satyam and Mohan,Suyash and Bilello,Michel and Calabrese,Evan and Colak,Errol and Farahani,Keyvan and Kalpathy-Cramer,Jayashree and Kitamura,Felipe C and Pati,Sarthak and others},journal={arXiv preprint arXiv:2107.02314},year={2021}
}",~\cite{baid2021rsna}
Task720_HIE2023,HIE2023,https://zhuanlan.zhihu.com/p/697620565,https://github.com/openmedlab/Awesome-Medical-Dataset/blob/main/resources/BONBID-HIE.md,https://zenodo.org/record/8104103,"@article{bao2023boston,
  title={BOston Neonatal Brain Injury Dataset for Hypoxic Ischemic Encephalopathy (BONBID-HIE): Part I. MRI and Manual Lesion Annotation},
  author={Bao, Rina and Song, Ya’nan and Bates, Sara V and Weiss, Rebecca J and Foster, Anna N and Cobos, Camilo Jaimes and Sotardi, Susan and Zhang, Yue and Gollub, Randy L and Grant, P Ellen and others},
  journal={bioRxiv},
  year={2023},
  publisher={Cold Spring Harbor Laboratory Preprints}
} ",~\cite{bao2023boston}
Task013_ACDC,ACDC,https://zhuanlan.zhihu.com/p/658483739,https://github.com/openmedlab/Awesome-Medical-Dataset/blob/main/resources/ACDC.md,https://www.creatis.insa-lyon.fr/Challenge/acdc/databases.html,"@article{bernard2018deep,title={Deep learning techniques for automatic MRI cardiac multi-structures segmentation and diagnosis: is the problem solved?},author={Bernard,Olivier and Lalande,Alain and Zotti,Clement and Cervenansky,Frederick and Yang,Xin and Heng,Pheng-Ann and Cetin,Irem and Lekadir,Karim and Camara,Oscar and Ballester,Miguel Angel Gonzalez and others},journal={IEEE transactions on medical imaging},volume={37},number={11},pages={2514--2525},year={2018},publisher={ieee}
}",~\cite{bernard2018deep}
Task029_LITS,LITS,https://zhuanlan.zhihu.com/p/655174097,https://github.com/openmedlab/Awesome-Medical-Dataset/blob/main/resources/LiTS.md,https://competitions.codalab.org/competitions/17094#learn_the_details-overview,"@article{bilic2023liver,title={The liver tumor segmentation benchmark (lits)},author={Bilic,Patrick and Christ,Patrick and Li,Hongwei Bran and Vorontsov,Eugene and Ben-Cohen,Avi and Kaissis,Georgios and Szeskin,Adi and Jacobs,Colin and Mamani,Gabriel Efrain Humpire and Chartrand,Gabriel and others},journal={Medical Image Analysis},volume={84},pages={102680},year={2023},publisher={Elsevier}
}",~\cite{bilic2023liver}
Task108_ISBI-MR-Prostate-2013,ISBI-MR-Prostate-2013,,,https://wiki.cancerimagingarchive.net/pages/viewpage.action?pageId=21267207#21267207036220c66a5a436f90e4a0b54367bfae,"@misc{bloch2015,
  author = {Bloch, N. and Madabhushi, A. and Huisman, H. and Freymann, J. and Kirby, J. and Grauer, M. and Enquobahrie, A. and Jaffe, C. and Clarke, L. and Farahani, K.},
  title = {NCI-ISBI 2013 Challenge: Automated Segmentation of Prostate Structures},
  year = {2015},
  howpublished = {The Cancer Imaging Archive},
  url = {http://doi.org/10.7937/K9/TCIA.2015.zF0vlOPv},
  note = {DOI: 10.7937/K9/TCIA.2015.zF0vlOPv}
}",~\cite{bloch2015}
Task166_LongitudinalMultipleSclerosisLesionSegmentation,curious19,,,https://curious2019.grand-challenge.org/Home/,"@article{carass2017longitudinal,title={Longitudinal multiple sclerosis lesion segmentation: resource and challenge},author={Carass,Aaron and Roy,Snehashis and Jog,Amod and Cuzzocreo,Jennifer L and Magrath,Elizabeth and Gherman,Adrian and Button,Julia and Nguyen,James and Prados,Ferran and Sudre,Carole H and others},journal={NeuroImage},volume={148},pages={77--102},year={2017},publisher={Elsevier}
}",~\cite{carass2017longitudinal}
Task702_CAS2023,CAS2023,https://zhuanlan.zhihu.com/p/666863773,https://github.com/openmedlab/Awesome-Medical-Dataset/blob/main/resources/CAS2023.md,https://codalab.lisn.upsaclay.fr/competitions/9804#participate-get_starting_kit,"@misc{cas2023,
  author = {Chen, Huijun and Zhao, Xihai and Sun, Haozhong and Dou, Jiaqi and Du, Chenlin and Yang, Runyu and Lin, Xiaoqi and Jiang, Han and Yu, Shuwan and Liu, Jiachen and Han, Zixuan and Yuan, Chun and Balu, Niranjan},
  title = {Cerebral Artery Segmentation Challenge (CAS) 2023},
  year = {2023},
  howpublished = {Hosted on CodaLab},
  url = {https://codalab.lisn.upsaclay.fr/competitions/9804#learn_the_details}
}",~\cite{cas2023}
Task110_ISPY1-Tumor-SEG-Radiomics,ISPY1-Tumor-SEG-Radiomics,https://zhuanlan.zhihu.com/p/709869028,https://github.com/openmedlab/Awesome-Medical-Dataset/blob/main/resources/ISPY1-Tumor-SEG-Radiomics.md,https://wiki.cancerimagingarchive.net/pages/viewpage.action?pageId=101942541#101942541bb637ed1cd004e87b0074d78c89515e2,"@article{chitalia2022expert,title={Expert tumor annotations and radiomics for locally advanced breast cancer in DCE-MRI for ACRIN 6657/I-SPY1},author={Chitalia,Rhea and Pati,Sarthak and Bhalerao,Megh and Thakur,Siddhesh Pravin and Jahani,Nariman and Belenky,Vivian and McDonald,Elizabeth S and Gibbs,Jessica and Newitt,David C and Hylton,Nola M and others},journal={Scientific data},volume={9},number={1},pages={440},year={2022},publisher={Nature Publishing Group UK London}
}",~\cite{chitalia2022expert}
Task116_ISPY1,ISPY1,https://zhuanlan.zhihu.com/p/709869028,https://github.com/openmedlab/Awesome-Medical-Dataset/blob/main/resources/ISPY1-Tumor-SEG-Radiomics.md,https://wiki.cancerimagingarchive.net/pages/viewpage.action?pageId=101942541#101942541bb637ed1cd004e87b0074d78c89515e2,"@article{chitalia2022expert,title={Expert tumor annotations and radiomics for locally advanced breast cancer in DCE-MRI for ACRIN 6657/I-SPY1},author={Chitalia,Rhea and Pati,Sarthak and Bhalerao,Megh and Thakur,Siddhesh Pravin and Jahani,Nariman and Belenky,Vivian and McDonald,Elizabeth S and Gibbs,Jessica and Newitt,David C and Hylton,Nola M and others},journal={Scientific data},volume={9},number={1},pages={440},year={2022},publisher={Nature Publishing Group UK London}
}",~\cite{chitalia2022expert}
Task601_CTSpine1K_Full,CTSpine1K,https://zhuanlan.zhihu.com/p/657744499,https://github.com/openmedlab/Awesome-Medical-Dataset/blob/main/resources/CTSpine1K.md,https://github.com/ICT-MIRACLE-lab/CTSpine1K,"@article{deng2021ctspine1k,title={CTSpine1K: a large-scale dataset for spinal vertebrae segmentation in computed tomography},author={Deng,Yang and Wang,Ce and Hui,Yuan and Li,Qian and Li,Jun and Luo,Shiwei and Sun,Mengke and Quan,Quan and Yang,Shuxin and Hao,You and others},journal={arXiv preprint arXiv:2105.14711},year={2021}
}",~\cite{deng2021ctspine1k}
Task103_ADAM2020,ADAM Task1,https://zhuanlan.zhihu.com/p/700526564,https://github.com/openmedlab/Awesome-Medical-Dataset/blob/main/resources/iChallenge-ADAM-Task1.md,https://link.zhihu.com/?target=https%3A//amd.grand-challenge.org/download/,"@article{fang2022adam,title={Adam challenge: Detecting age-related macular degeneration from fundus images},author={Fang,Huihui and Li,Fei and Fu,Huazhu and Sun,Xu and Cao,Xingxing and Lin,Fengbin and Son,Jaemin and Kim,Sunho and Quellec,Gwenole and Matta,Sarah and others},journal={IEEE transactions on medical imaging},volume={41},number={10},pages={2828--2847},year={2022},publisher={IEEE}
}",~\cite{fang2022adam}
Task105_DICOM_LIDC_IDRI_Nodules,DICOM_LIDC_IDRI_Nodules,https://zhuanlan.zhihu.com/p/1213729444,,https://wiki.cancerimagingarchive.net/pages/viewpage.action?pageId=44499647#4449964767de3c644b90455aabc1bb5d1a653599,"@article{fedorov2018standardized,
  title={Standardized representation of the TCIA LIDC-IDRI annotations using DICOM},
  author={Fedorov, A and Hancock, M and Clunie, D and Brockhhausen, M and Bona, J and Kirby, J and Freymann, J and Aerts, H and Kikinis, R and Prior, F},
  journal={Published online},
  volume={10},
  year={2018}
}",~\cite{fedorov2018standardized}
Task710_autoPET,autoPET,https://zhuanlan.zhihu.com/p/652954346,https://github.com/openmedlab/Awesome-Medical-Dataset/blob/main/resources/Auto-PET.md,https://autopet.grand-challenge.org/,"@article{gatidis2022whole,title={A whole-body FDG-PET/CT dataset with manually annotated tumor lesions},author={Gatidis,Sergios and Hepp,Tobias and Fr{\""u}h,Marcel and La Foug{\`e}re,Christian and Nikolaou,Konstantin and Pfannenberg,Christina and Sch{\""o}lkopf,Bernhard and K{\""u}stner,Thomas and Cyran,Clemens and Rubin,Daniel},journal={Scientific Data},volume={9},number={1},pages={601},year={2022},publisher={Nature Publishing Group UK London}
}",~\cite{gatidis2022whole}
Task711_autoPET_PET_only,autoPET,https://zhuanlan.zhihu.com/p/652954346,https://github.com/openmedlab/Awesome-Medical-Dataset/blob/main/resources/Auto-PET.md,https://autopet.grand-challenge.org/,"@article{gatidis2022whole,title={A whole-body FDG-PET/CT dataset with manually annotated tumor lesions},author={Gatidis,Sergios and Hepp,Tobias and Fr{\""u}h,Marcel and La Foug{\`e}re,Christian and Nikolaou,Konstantin and Pfannenberg,Christina and Sch{\""o}lkopf,Bernhard and K{\""u}stner,Thomas and Cyran,Clemens and Rubin,Daniel},journal={Scientific Data},volume={9},number={1},pages={601},year={2022},publisher={Nature Publishing Group UK London}
}",~\cite{gatidis2022whole}
Task712_autoPET_CT_only,autoPET,https://zhuanlan.zhihu.com/p/652954346,https://github.com/openmedlab/Awesome-Medical-Dataset/blob/main/resources/Auto-PET.md,https://autopet.grand-challenge.org/,"@article{gatidis2022whole,title={A whole-body FDG-PET/CT dataset with manually annotated tumor lesions},author={Gatidis,Sergios and Hepp,Tobias and Fr{\""u}h,Marcel and La Foug{\`e}re,Christian and Nikolaou,Konstantin and Pfannenberg,Christina and Sch{\""o}lkopf,Bernhard and K{\""u}stner,Thomas and Cyran,Clemens and Rubin,Daniel},journal={Scientific Data},volume={9},number={1},pages={601},year={2022},publisher={Nature Publishing Group UK London}
}",~\cite{gatidis2022whole}
Task111_LUAD-CT-Survival,LUAD-CT-Survival,,,https://wiki.cancerimagingarchive.net/pages/viewpage.action?pageId=24284406,"@article{goldgof2017long,title={Long and short survival in adenocarcinoma lung CTs},author={Goldgof Dmitry,HL and Samuel,Hawkins and Matthew,Schabath and Olya,Stringfield and Alberto,Garcia and Yoganand,Balagurunathan and Jongphil,Kim and Steven,Eschrich and Anders,Berglund and Robert,Gatenby and others},journal={The Cancer Imaging Archive},year={2017}
}",~\cite{goldgof2017long}
Task603_MMWHS,CAD-PE,https://zhuanlan.zhihu.com/p/669360834,,https://ieee-dataport.org/open-access/cad-pe,"@misc{gonzalez2019,
  author = {Gonzalez Serrano, German},
  title = {CAD-PE: A Dataset for the Detection of Pelvic Organs in Medical Imaging},
  year = {2019},
  howpublished = {IEEE DataPort},
  doi = {10.21227/9bw7-6823},
  url = {https://ieee-dataport.org/open-access/cad-pe}
}",~\cite{gonzalez2019}
Task036_KiPA22,KiPA22,https://zhuanlan.zhihu.com/p/656444875,https://github.com/openmedlab/Awesome-Medical-Dataset/blob/main/resources/KiPA22.md,https://kipa22.grand-challenge.org/,"@article{he2020dense,title={Dense biased networks with deep priori anatomy and hard region adaptation: Semi-supervised learning for fine renal artery segmentation},author={He,Yuting and Yang,Guanyu and Yang,Jian and Chen,Yang and Kong,Youyong and Wu,Jiasong and Tang,Lijun and Zhu,Xiaomei and Dillenseger,Jean-Louis and Shao,Pengfei and others},journal={Medical image analysis},volume={63},pages={101722},year={2020},publisher={Elsevier}
}",~\cite{he2020dense}
Task628_StructSeg2019_subtask1,StructSeg2019_task1,https://zhuanlan.zhihu.com/p/693700532,https://github.com/openmedlab/Awesome-Medical-Dataset/blob/main/resources/StructSeg2019_Task1.md,https://structseg2019.grand-challenge.org/Home/,"@article{heimann2009comparison,title={Comparison and evaluation of methods for liver segmentation from CT datasets},author={Heimann,Tobias and Van Ginneken,Bram and Styner,Martin A and Arzhaeva,Yulia and Aurich,Volker and Bauer,Christian and Beck,Andreas and Becker,Christoph and Beichel,Reinhard and Bekes,Gy{\""o}rgy and others},journal={IEEE transactions on medical imaging},volume={28},number={8},pages={1251--1265},year={2009},publisher={IEEE}
}",~\cite{heimann2009comparison}
Task629_StructSeg2019_subtask2,StructSeg2019_task2,https://zhuanlan.zhihu.com/p/694768783,https://github.com/openmedlab/Awesome-Medical-Dataset/blob/main/resources/StructSeg2019_Task2.md,https://structseg2019.grand-challenge.org/Home/,"@article{heimann2009comparison,title={Comparison and evaluation of methods for liver segmentation from CT datasets},author={Heimann,Tobias and Van Ginneken,Bram and Styner,Martin A and Arzhaeva,Yulia and Aurich,Volker and Bauer,Christian and Beck,Andreas and Becker,Christoph and Beichel,Reinhard and Bekes,Gy{\""o}rgy and others},journal={IEEE transactions on medical imaging},volume={28},number={8},pages={1251--1265},year={2009},publisher={IEEE}
}",~\cite{heimann2009comparison}
Task630_StructSeg2019_subtask3,StructSeg2019_task3,https://zhuanlan.zhihu.com/p/694880378,https://github.com/openmedlab/Awesome-Medical-Dataset/blob/main/resources/StructSeg2019_Task3.md,https://structseg2019.grand-challenge.org/Home/,"@article{heimann2009comparison,title={Comparison and evaluation of methods for liver segmentation from CT datasets},author={Heimann,Tobias and Van Ginneken,Bram and Styner,Martin A and Arzhaeva,Yulia and Aurich,Volker and Bauer,Christian and Beck,Andreas and Becker,Christoph and Beichel,Reinhard and Bekes,Gy{\""o}rgy and others},journal={IEEE transactions on medical imaging},volume={28},number={8},pages={1251--1265},year={2009},publisher={IEEE}
}",~\cite{heimann2009comparison}
Task631_StructSeg2019_subtask4,StructSeg2019_task4,https://zhuanlan.zhihu.com/p/694883488,https://github.com/openmedlab/Awesome-Medical-Dataset/blob/main/resources/StructSeg2019_Task4.md,https://structseg2019.grand-challenge.org/Home/,"@article{heimann2009comparison,title={Comparison and evaluation of methods for liver segmentation from CT datasets},author={Heimann,Tobias and Van Ginneken,Bram and Styner,Martin A and Arzhaeva,Yulia and Aurich,Volker and Bauer,Christian and Beck,Andreas and Becker,Christoph and Beichel,Reinhard and Bekes,Gy{\""o}rgy and others},journal={IEEE transactions on medical imaging},volume={28},number={8},pages={1251--1265},year={2009},publisher={IEEE}
}",~\cite{heimann2009comparison}
Task044_KiTS23,KiTS2023,https://zhuanlan.zhihu.com/p/656598035,https://github.com/openmedlab/Awesome-Medical-Dataset/blob/main/resources/KiTS23.md,https://github.com/neheller/kits23/tree/main,"@article{heller2023kits19,title={The state of the art in kidney and kidney tumor segmentation in contrast-enhanced CT imaging: Results of the KiTS19 challenge},journal={Medical Image Analysis},volume={67},pages={101821},year={2021},issn={1361-8415},doi={10.1016/j.media.2020.101821},url={https://www.sciencedirect.com/science/article/pii/S1361841520301857},author={Nicholas Heller and Fabian Isensee and Klaus H. Maier-Hein and Xiaoshuai Hou and Chunmei Xie and Fengyi Li and Yang Nan and Guangrui Mu and Zhiyong Lin and Miofei Han and Guang Yao and Yaozong Gao and Yao Zhang and Yixin Wang and Feng Hou and Jiawei Yang and Guangwei Xiong and Jiang Tian and Cheng Zhong and Jun Ma and Jack Rickman and Joshua Dean and Bethany Stai and Resha Tejpaul and Makinna Oestreich and Paul Blake and Heather Kaluzniak and Shaneabbas Raza and Joel Rosenberg and Keenan Moore and Edward Walczak and Zachary Rengel and Zach Edgerton and Ranveer Vasdev and Matthew Peterson and Sean McSweeney and Sarah Peterson and Arveen Kalapara and Niranjan Sathianathen and Nikolaos Papanikolopoulos and Christopher Weight},}",~\cite{heller2023kits19}
Task021_KiTS2021,KiTS2021,https://zhuanlan.zhihu.com/p/662478627,https://github.com/openmedlab/Awesome-Medical-Dataset/blob/main/resources/KiTS21.md,https://kits21.kits-challenge.org/,"@article{heller2023kits21,title={The kits21 challenge: Automatic segmentation of kidneys,renal tumors,and renal cysts in corticomedullary-phase ct},author={Heller,Nicholas and Isensee,Fabian and Trofimova,Dasha and Tejpaul,Resha and Zhao,Zhongchen and Chen,Huai and Wang,Lisheng and Golts,Alex and Khapun,Daniel and Shats,Daniel and others},journal={arXiv preprint arXiv:2307.01984},year={2023}
}",~\cite{heller2023kits21}
Task041_ISLES2022,ISLES2022,https://zhuanlan.zhihu.com/p/659046146,https://github.com/openmedlab/Awesome-Medical-Dataset/blob/main/resources/ISLES22.md,https://isles22.grand-challenge.org/,"@article{hernandez2022isles,title={ISLES 2022: A multi-center magnetic resonance imaging stroke lesion segmentation dataset},author={Hernandez Petzsche,Moritz R and de la Rosa,Ezequiel and Hanning,Uta and Wiest,Roland and Valenzuela,Waldo and Reyes,Mauricio and Meyer,Maria and Liew,Sook-Lei and Kofler,Florian and Ezhov,Ivan and others},journal={Scientific data},volume={9},number={1},pages={762},year={2022},publisher={Nature Publishing Group UK London}
}",~\cite{hernandez2022isles}
Task051_AMOS_CT,AMOS CT,https://zhuanlan.zhihu.com/p/650388336,https://github.com/openmedlab/Awesome-Medical-Dataset/blob/main/resources/AMOS.md,https://amos22.grand-challenge.org/,"@article{ji2022amos,title={Amos: A large-scale abdominal multi-organ benchmark for versatile medical image segmentation},author={Ji,Yuanfeng and Bai,Haotian and Ge,Chongjian and Yang,Jie and Zhu,Ye and Zhang,Ruimao and Li,Zhen and Zhanng,Lingyan and Ma,Wanling and Wan,Xiang and others},journal={Advances in neural information processing systems},volume={35},pages={36722--36732},year={2022}
}",~\cite{ji2022amos}
Task052_AMOS_MR,AMOS MR,https://zhuanlan.zhihu.com/p/650388336,https://github.com/openmedlab/Awesome-Medical-Dataset/blob/main/resources/AMOS.md,https://amos22.grand-challenge.org/,"@article{ji2022amos,title={Amos: A large-scale abdominal multi-organ benchmark for versatile medical image segmentation},author={Ji,Yuanfeng and Bai,Haotian and Ge,Chongjian and Yang,Jie and Zhu,Ye and Zhang,Ruimao and Li,Zhen and Zhanng,Lingyan and Ma,Wanling and Wan,Xiang and others},journal={Advances in neural information processing systems},volume={35},pages={36722--36732},year={2022}
}",~\cite{ji2022amos}
Task053_AMOS_Task2,AMOS Task2,https://zhuanlan.zhihu.com/p/650388336,https://github.com/openmedlab/Awesome-Medical-Dataset/blob/main/resources/AMOS.md,https://amos22.grand-challenge.org/,"@article{ji2022amos,title={Amos: A large-scale abdominal multi-organ benchmark for versatile medical image segmentation},author={Ji,Yuanfeng and Bai,Haotian and Ge,Chongjian and Yang,Jie and Zhu,Ye and Zhang,Ruimao and Li,Zhen and Zhanng,Lingyan and Ma,Wanling and Wan,Xiang and others},journal={Advances in neural information processing systems},volume={35},pages={36722--36732},year={2022}
}",~\cite{ji2022amos}
Task037_CHAOS_Task_3_5_Variant1,Chaos Challenge Task3/5 Variant 1,https://zhuanlan.zhihu.com/p/656644901,https://github.com/openmedlab/Awesome-Medical-Dataset/blob/main/resources/CHAOS.md,https://chaos.grand-challenge.org/Publications/,"@article{kavur2021chaos,title={CHAOS challenge-combined (CT-MR) healthy abdominal organ segmentation},author={Kavur,A Emre and Gezer,N Sinem and Bar{\i}{\c{s}},Mustafa and Aslan,Sinem and Conze,Pierre-Henri and Groza,Vladimir and Pham,Duc Duy and Chatterjee,Soumick and Ernst,Philipp and {\""O}zkan,Sava{\c{s}} and others},journal={Medical Image Analysis},volume={69},pages={101950},year={2021},publisher={Elsevier}
}",~\cite{kavur2021chaos}
Task896_BraTS2023_PED,BraTS2023_PED,https://zhuanlan.zhihu.com/p/662772013,https://github.com/openmedlab/Awesome-Medical-Dataset/blob/main/resources/BraTS2023-PED.md,https://www.synapse.org/#!Synapse:syn51156910/wiki/622556,"@misc{kazerooni2023brain,title={The Brain Tumor Segmentation (BraTS) Challenge 2023: Focus on Pediatrics (CBTN-CONNECT-DIPGR-ASNR-MICCAI BraTS-PEDs)},author={Anahita Fathi Kazerooni and Nastaran Khalili and Xinyang Liu and Debanjan Haldar and Zhifan Jiang and Syed Muhammed Anwar and Jake Albrecht and Maruf Adewole and Udunna Anazodo and Hannah Anderson and Sina Bagheri and Ujjwal Baid and Timothy Bergquist and Austin J. Borja and Evan Calabrese and Verena Chung and Gian-Marco Conte and Farouk Dako and James Eddy and Ivan Ezhov and Ariana Familiar and Keyvan Farahani and Shuvanjan Haldar and Juan Eugenio Iglesias and Anastasia Janas and Elaine Johansen and Blaise V Jones and Florian Kofler and Dominic LaBella and Hollie Anne Lai and Koen Van Leemput and Hongwei Bran Li and Nazanin Maleki and Aaron S McAllister and Zeke Meier and Bjoern Menze and Ahmed W Moawad and Khanak K Nandolia and Julija Pavaine and Marie Piraud and Tina Poussaint and Sanjay P Prabhu and Zachary Reitman and Andres Rodriguez and Jeffrey D Rudie and Ibraheem Salman Shaikh and Lubdha M. Shah and Nakul Sheth and Russel Taki Shinohara and Wenxin Tu and Karthik Viswanathan and Chunhao Wang and Jeffrey B Ware and Benedikt Wiestler and Walter Wiggins and Anna Zapaishchykova and Mariam Aboian and Miriam Bornhorst and Peter de Blank and Michelle Deutsch and Maryam Fouladi and Lindsey Hoffman and Benjamin Kann and Margot Lazow and Leonie Mikael and Ali Nabavizadeh and Roger Packer and Adam Resnick and Brian Rood and Arastoo Vossough and Spyridon Bakas and Marius George Linguraru},year={2023},eprint={2305.17033},archivePrefix={arXiv},primaryClass={eess.IV}
}",~\cite{kazerooni2023brain}
Task502_WMH,WMH,https://zhuanlan.zhihu.com/p/668383167,https://github.com/openmedlab/Awesome-Medical-Dataset/blob/main/resources/WMH.md,https://wmh.isi.uu.nl/,"@article{kuijf2019standardized,title={Standardized assessment of automatic segmentation of white matter hyperintensities and results of the WMH segmentation challenge},author={Kuijf,Hugo J and Biesbroek,J Matthijs and De Bresser,Jeroen and Heinen,Rutger and Andermatt,Simon and Bento,Mariana and Berseth,Matt and Belyaev,Mikhail and Cardoso,M Jorge and Casamitjana,Adria and others},journal={IEEE transactions on medical imaging},volume={38},number={11},pages={2556--2568},year={2019},publisher={IEEE}
}",~\cite{kuijf2019standardized}
Task504_ATLAS,ATLAS,https://zhuanlan.zhihu.com/p/659111927,https://github.com/openmedlab/Awesome-Medical-Dataset/blob/main/resources/ATLASv2.0.md,https://atlas.grand-challenge.org/,"@misc{labella2023asnrmiccai,title={The ASNR-MICCAI Brain Tumor Segmentation (BraTS) Challenge 2023: Intracranial Meningioma},author={Dominic LaBella and Maruf Adewole and Michelle Alonso-Basanta and Talissa Altes and Syed Muhammad Anwar and Ujjwal Baid and Timothy Bergquist and Radhika Bhalerao and Sully Chen and Verena Chung and Gian-Marco Conte and Farouk Dako and James Eddy and Ivan Ezhov and Devon Godfrey and Fathi Hilal and Ariana Familiar and Keyvan Farahani and Juan Eugenio Iglesias and Zhifan Jiang and Elaine Johanson and Anahita Fathi Kazerooni and Collin Kent and John Kirkpatrick and Florian Kofler and Koen Van Leemput and Hongwei Bran Li and Xinyang Liu and Aria Mahtabfar and Shan McBurney-Lin and Ryan McLean and Zeke Meier and Ahmed W Moawad and John Mongan and Pierre Nedelec and Maxence Pajot and Marie Piraud and Arif Rashid and Zachary Reitman and Russell Takeshi Shinohara and Yury Velichko and Chunhao Wang and Pranav Warman and Walter Wiggins and Mariam Aboian and Jake Albrecht and Udunna Anazodo and Spyridon Bakas and Adam Flanders and Anastasia Janas and Goldey Khanna and Marius George Linguraru and Bjoern Menze and Ayman Nada and Andreas M Rauschecker and Jeff Rudie and Nourel Hoda Tahon and Javier Villanueva-Meyer and Benedikt Wiestler and Evan Calabrese},year={2023},eprint={2305.07642},archivePrefix={arXiv},primaryClass={cs.CV}
}",~\cite{labella2023asnrmiccai}
Task898_BraTS2023_MEN,BraTS2023_MEN,https://zhuanlan.zhihu.com/p/662644135,https://github.com/openmedlab/Awesome-Medical-Dataset/blob/main/resources/BraTS2023-MEN.md,https://www.synapse.org/#!Synapse:syn51156910/wiki/622556,"@misc{labella2023asnrmiccai,title={The ASNR-MICCAI Brain Tumor Segmentation (BraTS) Challenge 2023: Intracranial Meningioma},author={Dominic LaBella and Maruf Adewole and Michelle Alonso-Basanta and Talissa Altes and Syed Muhammad Anwar and Ujjwal Baid and Timothy Bergquist and Radhika Bhalerao and Sully Chen and Verena Chung and Gian-Marco Conte and Farouk Dako and James Eddy and Ivan Ezhov and Devon Godfrey and Fathi Hilal and Ariana Familiar and Keyvan Farahani and Juan Eugenio Iglesias and Zhifan Jiang and Elaine Johanson and Anahita Fathi Kazerooni and Collin Kent and John Kirkpatrick and Florian Kofler and Koen Van Leemput and Hongwei Bran Li and Xinyang Liu and Aria Mahtabfar and Shan McBurney-Lin and Ryan McLean and Zeke Meier and Ahmed W Moawad and John Mongan and Pierre Nedelec and Maxence Pajot and Marie Piraud and Arif Rashid and Zachary Reitman and Russell Takeshi Shinohara and Yury Velichko and Chunhao Wang and Pranav Warman and Walter Wiggins and Mariam Aboian and Jake Albrecht and Udunna Anazodo and Spyridon Bakas and Adam Flanders and Anastasia Janas and Goldey Khanna and Marius George Linguraru and Bjoern Menze and Ayman Nada and Andreas M Rauschecker and Jeff Rudie and Nourel Hoda Tahon and Javier Villanueva-Meyer and Benedikt Wiestler and Evan Calabrese},year={2023},eprint={2305.07642},archivePrefix={arXiv},primaryClass={cs.CV}
}",~\cite{labella2023asnrmiccai}
Task605_SegThor,SegThor,https://zhuanlan.zhihu.com/p/658989097,https://github.com/openmedlab/Awesome-Medical-Dataset/blob/main/resources/SegTHOR.md,https://competitions.codalab.org/competitions/21145,"@inproceedings{lambert2020segthor,title={Segthor: Segmentation of thoracic organs at risk in ct images},author={Lambert,Zo{\'e} and Petitjean,Caroline and Dubray,Bernard and Kuan,Su},booktitle={2020 Tenth International Conference on Image Processing Theory,Tools and Applications (IPTA)},pages={1--6},year={2020},organization={IEEE}
}",~\cite{lambert2020segthor}
Task011_BTCV,AbdominalOrganSegmentation,https://zhuanlan.zhihu.com/p/653912577,https://github.com/openmedlab/Awesome-Medical-Dataset/blob/main/resources/BTCV.md,https://www.synapse.org/#!Synapse:syn3193805/wiki/217752,"@inproceedings{landman2015miccai,title={Miccai multi-atlas labeling beyond the cranial vault--workshop and challenge},author={Landman,Bennett and Xu,Zhoubing and Igelsias,J and Styner,Martin and Langerak,Thomas and Klein,Arno},booktitle={Proc. MICCAI Multi-Atlas Labeling Beyond Cranial Vault鈥擶orkshop Challenge},volume={5},pages={12},year={2015}
}",~\cite{landman2015miccai}
Task012_BTCV_Cervix,BTCV_Cervix,https://zhuanlan.zhihu.com/p/668309597,https://github.com/openmedlab/Awesome-Medical-Dataset/blob/main/resources/BTCV_Cervix.md,https://www.synapse.org/#!Synapse:syn3193805/wiki/217752,"@inproceedings{landman2015miccai,title={Miccai multi-atlas labeling beyond the cranial vault--workshop and challenge},author={Landman,Bennett and Xu,Zhoubing and Igelsias,J and Styner,Martin and Langerak,Thomas and Klein,Arno},booktitle={Proc. MICCAI Multi-Atlas Labeling Beyond Cranial Vault鈥擶orkshop Challenge},volume={5},pages={12},year={2015}
}",~\cite{landman2015miccai}
Task050_LAScarQS22_task1,LAScarQS task1,https://zhuanlan.zhihu.com/p/659905750,https://github.com/openmedlab/Awesome-Medical-Dataset/blob/main/resources/LAScarQS_2022.md,https://zmiclab.github.io/projects/lascarqs22/,"@article{li2022atrialjsqnet,title={AtrialJSQnet: a new framework for joint segmentation and quantification of left atrium and scars incorporating spatial and shape information},author={Li,Lei and Zimmer,Veronika A and Schnabel,Julia A and Zhuang,Xiahai},journal={Medical image analysis},volume={76},pages={102303},year={2022},publisher={Elsevier}
}",~\cite{li2022atrialjsqnet}
Task051_LAScarQS22_task2,LAScarQS22,https://zhuanlan.zhihu.com/p/659905750,https://github.com/openmedlab/Awesome-Medical-Dataset/blob/main/resources/LAScarQS_2022.md,https://zmiclab.github.io/projects/lascarqs22/,"@article{li2022atrialjsqnet,title={AtrialJSQnet: a new framework for joint segmentation and quantification of left atrium and scars incorporating spatial and shape information},author={Li,Lei and Zimmer,Veronika A and Schnabel,Julia A and Zhuang,Xiahai},journal={Medical image analysis},volume={76},pages={102303},year={2022},publisher={Elsevier}
}",~\cite{li2022atrialjsqnet}
Task034_Instance22,Instance22,https://zhuanlan.zhihu.com/p/658740176,https://github.com/openmedlab/Awesome-Medical-Dataset/blob/main/resources/INSTANCE_2022.md,https://instance.grand-challenge.org/Instance2022/,"@article{li2023state,title={The state-of-the-art 3D anisotropic intracranial hemorrhage segmentation on non-contrast head CT: The INSTANCE challenge},author={Li,Xiangyu and Luo,Gongning and Wang,Kuanquan and Wang,Hongyu and Liu,Jun and Liang,Xinjie and Jiang,Jie and Song,Zhenghao and Zheng,Chunyue and Chi,Haokai and others},journal={arXiv preprint arXiv:2301.03281},year={2023}
}",~\cite{li2023state}
Task611_PROMISE12,Promise12,,,https://promise12.grand-challenge.org/,"@article{litjens2014evaluation,title={Evaluation of prostate segmentation algorithms for MRI: the PROMISE12 challenge},author={Litjens,Geert and Toth,Robert and Van De Ven,Wendy and Hoeks,Caroline and Kerkstra,Sjoerd and Van Ginneken,Bram and Vincent,Graham and Guillard,Gwenael and Birbeck,Neil and Zhang,Jindang and others},journal={Medical image analysis},volume={18},number={2},pages={359--373},year={2014},publisher={Elsevier}
}",~\cite{litjens2014evaluation}
Task612_CTPelvic1k,CTPelvic1K_4label,https://zhuanlan.zhihu.com/p/657953493,https://github.com/openmedlab/Awesome-Medical-Dataset/blob/main/resources/CTPelvic1K.md,https://github.com/MIRACLE-Center/CTPelvic1K,"@article{liu2021deep,title={Deep learning to segment pelvic bones: large-scale CT datasets and baseline models},author={Liu,Pengbo and Han,Hu and Du,Yuanqi and Zhu,Heqin and Li,Yinhao and Gu,Feng and Xiao,Honghu and Li,Jun and Zhao,Chunpeng and Xiao,Li and others},journal={International Journal of Computer Assisted Radiology and Surgery},volume={16},pages={749--756},year={2021},publisher={Springer}
}",~\cite{liu2021deep}
Task701_LNQ2023,LNQ2023,https://zhuanlan.zhihu.com/p/663958859,https://github.com/openmedlab/Awesome-Medical-Dataset/blob/main/resources/LNQ2023.md,https://lnq2023.grand-challenge.org/participants/registration/create/,"@misc{lnq2023,
  author = {Mediastinal Lymph Node Quantification (LNQ) Challenge Organizers},
  title = {Mediastinal Lymph Node Quantification (LNQ): Segmentation of Heterogeneous CT Data},
  year = {2023},
  howpublished = {LNQ 2023 Grand Challenge},
  url = {https://lnq2023.grand-challenge.org/lnq2023/},
  note = {Accessed: 2024-11-06}
}",~\cite{lnq2023}
Task507_Myops2020,Myops2020,https://zhuanlan.zhihu.com/p/669391415,https://github.com/openmedlab/Awesome-Medical-Dataset/blob/main/resources/MyoPS_2020.md,http://www.sdspeople.fudan.edu.cn/zhuangxiahai/0/MyoPS20/,"@article{luo2022mathcal,title={$$\backslash$mathcal $\{$X$\}$ $-Metric: An N-Dimensional Information-Theoretic Framework for Groupwise Registration and Deep Combined Computing},author={Luo,Xinzhe and Zhuang,Xiahai},journal={IEEE Transactions on Pattern Analysis and Machine Intelligence},volume={45},number={7},pages={9206--9224},year={2022},publisher={IEEE}
}",~\cite{luo2022mathcal}
Task559_WORD,WORD-V0.1.0,https://zhuanlan.zhihu.com/p/654179326,https://github.com/openmedlab/Awesome-Medical-Dataset/blob/main/resources/WORD.md,https://github.com/hilab-git/word,"@article{luo2022word,title={WORD: A large scale dataset,benchmark and clinical applicable study for abdominal organ segmentation from CT image},author={Luo,Xiangde and Liao,Wenjun and Xiao,Jianghong and Chen,Jieneng and Song,Tao and Zhang,Xiaofan and Li,Kang and Metaxas,Dimitris N and Wang,Guotai and Zhang,Shaoting},journal={Medical Image Analysis},volume={82},pages={102642},year={2022},publisher={Elsevier}
}",~\cite{luo2022word}
Task039_Parse22,Parse22,https://zhuanlan.zhihu.com/p/656438569,https://github.com/openmedlab/Awesome-Medical-Dataset/blob/main/resources/Parse.md,https://parse2022.grand-challenge.org/,"@article{luo2023efficient,title={Efficient automatic segmentation for multi-level pulmonary arteries: The PARSE challenge},author={Luo,Gongning and Wang,Kuanquan and Liu,Jun and Li,Shuo and Liang,Xinjie and Li,Xiangyu and Gan,Shaowei and Wang,Wei and Dong,Suyu and Wang,Wenyi and others},journal={arXiv preprint arXiv:2304.03708},year={2023}
}",~\cite{luo2023efficient}
Task701_SegRap2023,SegRap2023,https://zhuanlan.zhihu.com/p/660168607,https://github.com/openmedlab/Awesome-Medical-Dataset/blob/main/resources/SegRap2023.md,https://segrap2023.grand-challenge.org/dataset/,"@article{luo2023segrap2023,title={Segrap2023: A benchmark of organs-at-risk and gross tumor volume segmentation for radiotherapy planning of nasopharyngeal carcinoma},author={Luo,Xiangde and Fu,Jia and Zhong,Yunxin and Liu,Shuolin and Han,Bing and Astaraki,Mehdi and Bendazzoli,Simone and Toma-Dasu,Iuliana and Ye,Yiwen and Chen,Ziyang and others},journal={arXiv preprint arXiv:2312.09576},year={2023}
}",~\cite{luo2023segrap2023}
Task702_SegRap2023_Task2,SegRap2023_Task2,https://zhuanlan.zhihu.com/p/660168607,https://github.com/openmedlab/Awesome-Medical-Dataset/blob/main/resources/SegRap2023.md,https://segrap2023.grand-challenge.org/dataset/,"@article{luo2023segrap2023,title={Segrap2023: A benchmark of organs-at-risk and gross tumor volume segmentation for radiotherapy planning of nasopharyngeal carcinoma},author={Luo,Xiangde and Fu,Jia and Zhong,Yunxin and Liu,Shuolin and Han,Bing and Astaraki,Mehdi and Bendazzoli,Simone and Toma-Dasu,Iuliana and Ye,Yiwen and Chen,Ziyang and others},journal={arXiv preprint arXiv:2312.09576},year={2023}
}",~\cite{luo2023segrap2023}
Task020_AbdomenCT1K,AbdomenCT-1K,https://zhuanlan.zhihu.com/p/658079064,https://github.com/openmedlab/Awesome-Medical-Dataset/blob/main/resources/AbdomenCT-1K.md,https://github.com/JunMa11/AbdomenCT-1K,"@article{ma2021abdomenct,title={Abdomenct-1k: Is abdominal organ segmentation a solved problem?},author={Ma,Jun and Zhang,Yao and Gu,Song and Zhu,Cheng and Ge,Cheng and Zhang,Yichi and An,Xingle and Wang,Congcong and Wang,Qiyuan and Liu,Xin and others},journal={IEEE Transactions on Pattern Analysis and Machine Intelligence},volume={44},number={10},pages={6695--6714},year={2021},publisher={IEEE}
}",~\cite{ma2021abdomenct}
Task023_FLARE22,FLARE22,https://zhuanlan.zhihu.com/p/650409443,https://github.com/openmedlab/Awesome-Medical-Dataset/blob/main/resources/FLARE2022.md,https://flare22.grand-challenge.org/Dataset/,"@article{ma2023unleashing,title={Unleashing the strengths of unlabeled data in pan-cancer abdominal organ quantification: the flare22 challenge},author={Ma,Jun and Zhang,Yao and Gu,Song and Ge,Cheng and Ma,Shihao and Young,Adamo and Zhu,Cheng and Meng,Kangkang and Yang,Xin and Huang,Ziyan and others},journal={arXiv preprint arXiv:2308.05862},year={2023}
}",~\cite{ma2023unleashing}
Task115_QIBA-VolCT-1B,QIBA-VolCT-1B,https://zhuanlan.zhihu.com/p/708986956,https://github.com/openmedlab/Awesome-Medical-Dataset/blob/main/resources/QIBA-VolCT-1B.md,https://wiki.cancerimagingarchive.net/pages/viewpage.action?pageId=70228818#70228818b56cdca95f5e413c839d4f24b605f804,"@article{mcnitt2015determining,title={Determining the variability of lesion size measurements from CT patient data sets acquired under “no change” conditions},author={McNitt-Gray,Michael F and Kim,Grace Hyun and Zhao,Binsheng and Schwartz,Lawrence H and Clunie,David and Cohen,Kristin and Petrick,Nicholas and Fenimore,Charles and Lu,ZQ John and Buckler,Andrew J},journal={Translational oncology},volume={8},number={1},pages={55--64},year={2015},publisher={Elsevier}
}",~\cite{mcnitt2015determining}
Task899_BraTS2023_GLI,BraTS2023_GLI,https://zhuanlan.zhihu.com/p/658218207,,https://www.synapse.org/Synapse:syn51156910/wiki/622351,"@article{menze2014multimodal,
  title={The multimodal brain tumor image segmentation benchmark (BRATS)},
  author={Menze, Bjoern H and Jakab, Andras and Bauer, Stefan and Kalpathy-Cramer, Jayashree and Farahani, Keyvan and Kirby, Justin and Burren, Yuliya and Porz, Nicole and Slotboom, Johannes and Wiest, Roland and others},
  journal={IEEE transactions on medical imaging},
  volume={34},
  number={10},
  pages={1993--2024},
  year={2014},
  publisher={IEEE}
}",~\cite{menze2014multimodal}
Task107_HCC-TACE-Seg,HCC-TACE-Seg,https://zhuanlan.zhihu.com/p/708599534,https://github.com/openmedlab/Awesome-Medical-Dataset/blob/main/resources/HCC-TACE-Seg.md,https://wiki.cancerimagingarchive.net/pages/viewpage.action?pageId=70230229,"@article{moawad2021multimodality,title={Multimodality annotated HCC cases with and without advanced imaging segmentation [data set]},author={Moawad,A and Fuentes,D and Morshid,A and Khalaf,A and Elmohr,M and Abusaif,A and Hazle,JD and Kaseb,AO and Hassan,M and Mahvash,A and others},journal={The Cancer Imaging Archive},year={2021}
}",~\cite{moawad2021multimodality}
Task894_BraTS2023_MET,BraTS2023_MET,https://zhuanlan.zhihu.com/p/662538981,https://github.com/openmedlab/Awesome-Medical-Dataset/blob/main/resources/BraTS2023-MET.md,https://www.synapse.org/#!Synapse:syn51156910/wiki/622556,"@misc{moawad2023brain,title={The Brain Tumor Segmentation (BraTS-METS) Challenge 2023: Brain Metastasis Segmentation on Pre-treatment MRI},author={Ahmed W. Moawad and Anastasia Janas and Ujjwal Baid and Divya Ramakrishnan and Leon Jekel and Kiril Krantchev and Harrison Moy and Rachit Saluja and Klara Osenberg and Klara Wilms and Manpreet Kaur and Arman Avesta and Gabriel Cassinelli Pedersen and Nazanin Maleki and Mahdi Salimi and Sarah Merkaj and Marc von Reppert and Niklas Tillmans and Jan Lost and Khaled Bousabarah and Wolfgang Holler and MingDe Lin and Malte Westerhoff and Ryan Maresca and Katherine E. Link and Nourel hoda Tahon and Daniel Marcus and Aristeidis Sotiras and Pamela LaMontagne and Strajit Chakrabarty and Oleg Teytelboym and Ayda Youssef and Ayaman Nada and Yuri S. Velichko and Nicolo Gennaro and Connectome Students and Group of Annotators and Justin Cramer and Derek R. Johnson and Benjamin Y. M. Kwan and Boyan Petrovic and Satya N. Patro and Lei Wu and Tiffany So and Gerry Thompson and Anthony Kam and Gloria Guzman Perez-Carrillo and Neil Lall and Group of Approvers and Jake Albrecht and Udunna Anazodo and Marius George Lingaru and Bjoern H Menze and Benedikt Wiestler and Maruf Adewole and Syed Muhammad Anwar and Dominic Labella and Hongwei Bran Li and Juan Eugenio Iglesias and Keyvan Farahani and James Eddy and Timothy Bergquist and Verena Chung and Russel Takeshi Shinohara and Farouk Dako and Walter Wiggins and Zachary Reitman and Chunhao Wang and Xinyang Liu and Zhifan Jiang and Koen Van Leemput and Marie Piraud and Ivan Ezhov and Elaine Johanson and Zeke Meier and Ariana Familiar and Anahita Fathi Kazerooni and Florian Kofler and Evan Calabrese and Sanjay Aneja and Veronica Chiang and Ichiro Ikuta and Umber Shafique and Fatima Memon and Gian Marco Conte and Spyridon Bakas and Jeffrey Rudie and Mariam Aboian},year={2023},eprint={2306.00838},archivePrefix={arXiv},primaryClass={q-bio.OT}
}",~\cite{moawad2023brain}
Task106_AIIB2023,AIIB2023,https://zhuanlan.zhihu.com/p/659025319,https://github.com/openmedlab/Awesome-Medical-Dataset/blob/main/resources/AIIB23.md,https://codalab.lisn.upsaclay.fr/competitions/13238,"@article{nan2023fuzzy,title={Fuzzy attention neural network to tackle discontinuity in airway segmentation},author={Nan,Yang and Del Ser,Javier and Tang,Zeyu and Tang,Peng and Xing,Xiaodan and Fang,Yingying and Herrera,Francisco and Pedrycz,Witold and Walsh,Simon and Yang,Guang},journal={IEEE Transactions on Neural Networks and Learning Systems},year={2023},publisher={IEEE}
}",~\cite{nan2023fuzzy}
Task556_FeTA2022_all,FeTA_2022_all,https://zhuanlan.zhihu.com/p/668608834,https://github.com/openmedlab/Awesome-Medical-Dataset/blob/main/resources/FeTA.md,https://feta.grand-challenge.org/,"@article{payette2021automatic,title={An automatic multi-tissue human fetal brain segmentation benchmark using the fetal tissue annotation dataset},author={Payette,Kelly and de Dumast,Priscille and Kebiri,Hamza and Ezhov,Ivan and Paetzold,Johannes C and Shit,Suprosanna and Iqbal,Asim and Khan,Romesa and Kottke,Raimund and Grehten,Patrice and others},journal={Scientific data},volume={8},number={1},pages={167},year={2021},publisher={Nature Publishing Group UK London}
}",~\cite{payette2021automatic}
Task616_LNDb,LNDb,https://zhuanlan.zhihu.com/p/661103408,https://github.com/openmedlab/Awesome-Medical-Dataset/blob/main/resources/LNDb.md,https://lndb.grand-challenge.org/Download/,"@article{pedrosa2019lndb,title={LNDb: a lung nodule database on computed tomography},author={Pedrosa,Jo{\~a}o and Aresta,Guilherme and Ferreira,Carlos and Rodrigues,M{\'a}rcio and Leit{\~a}o,Patr{\'\i}cia and Carvalho,Andr{\'e} Silva and Rebelo,Jo{\~a}o and Negr{\~a}o,Eduardo and Ramos,Isabel and Cunha,Ant{\'o}nio and others},journal={arXiv preprint arXiv:1911.08434},year={2019}
}",~\cite{pedrosa2019lndb}
Task966-HaN_Seg,HaN-Seg,https://zhuanlan.zhihu.com/p/660192823,https://github.com/openmedlab/Awesome-Medical-Dataset/blob/main/resources/HaN-Seg.md,https://link.zhihu.com/?target=https%3A//han-seg2023.grand-challenge.org/,"@article{podobnik2023han,title={HaN-Seg: The head and neck organ-at-risk CT and MR segmentation dataset},author={Podobnik,Ga{\v{s}}per and Strojan,Primo{\v{z}} and Peterlin,Primo{\v{z}} and Ibragimov,Bulat and Vrtovec,Toma{\v{z}}},journal={Medical physics},volume={50},number={3},pages={1917--1927},year={2023},publisher={Wiley Online Library}
}",~\cite{podobnik2023han}
Task511_ATLAS2023,Task511_ATLAS2023,https://zhuanlan.zhihu.com/p/660158297,https://github.com/openmedlab/Awesome-Medical-Dataset/blob/main/resources/ATLAS.md,https://atlas-challenge.u-bourgogne.fr/,"@article{quinton2023tumour,title={A tumour and liver automatic segmentation (atlas) dataset on contrast-enhanced magnetic resonance imaging for hepatocellular carcinoma},author={Quinton,F{\'e}lix and Popoff,Romain and Presles,Beno{\^\i}t and Leclerc,Sarah and Meriaudeau,Fabrice and Nodari,Guillaume and Lopez,Olivier and Pellegrinelli,Julie and Chevallier,Olivier and Ginhac,Dominique and others},journal={Data},volume={8},number={5},pages={79},year={2023},publisher={MDPI}
}",~\cite{quinton2023tumour}
Task700_SEG_A_2023,SEG_A_2023,https://zhuanlan.zhihu.com/p/660170803,https://github.com/openmedlab/Awesome-Medical-Dataset/blob/main/resources/SEG.A.md,https://multicenteraorta.grand-challenge.org/,"@article{radl2022avt,title={AVT: Multicenter aortic vessel tree CTA dataset collection with ground truth segmentation masks},author={Radl,Lukas and Jin,Yuan and Pepe,Antonio and Li,Jianning and Gsaxner,Christina and Zhao,Fen-hua and Egger,Jan},journal={Data in brief},volume={40},pages={107801},year={2022},publisher={Elsevier}
}",~\cite{radl2022avt}
Task613_COVID-19-20,COVID-19-20,,,https://covid-segmentation.grand-challenge.org/Download/,"@article{roth2022rapid,title={Rapid artificial intelligence solutions in a pandemic鈥擳he COVID-19-20 Lung CT Lesion Segmentation Challenge},author={Roth,Holger R and Xu,Ziyue and Tor-D{\'\i}ez,Carlos and Jacob,Ramon Sanchez and Zember,Jonathan and Molto,Jose and Li,Wenqi and Xu,Sheng and Turkbey,Baris and Turkbey,Evrim and others},journal={Medical image analysis},volume={82},pages={102605},year={2022},publisher={Elsevier}
}",~\cite{roth2022rapid}
Task112_PROSTATEx-Seg-HiRes,PROSTATEx-Seg-HiRes,,,https://wiki.cancerimagingarchive.net/pages/viewpage.action?pageId=61080779#61080779a904867e58ca46f4bfc0107b9eeb561c,"@article{schindele2020high,title={High Resolution Prostate Segmentations for the ProstateX-Challenge [Dataset]},author={Schindele,D and Meyer,A and von Reibnitz,DF and Kiesswetter,V and Schostak,M and Rak,M and Hansen,C},journal={The Cancer Imaging Archive},pages={131},year={2020}
}",~\cite{schindele2020high}
Task113_PROSTATEx-Seg-Zones,PROSTATEx-Seg-Zones,,,https://wiki.cancerimagingarchive.net/pages/viewpage.action?pageId=70230177,"@article{schindele2020high,title={High Resolution Prostate Segmentations for the ProstateX-Challenge [Dataset]},author={Schindele,D and Meyer,A and von Reibnitz,DF and Kiesswetter,V and Schostak,M and Rak,M and Hansen,C},journal={The Cancer Imaging Archive},pages={131},year={2020}
}",~\cite{schindele2020high}
Task083_VerSe2020,VerSe20,https://zhuanlan.zhihu.com/p/657508579,https://github.com/openmedlab/Awesome-Medical-Dataset/blob/main/resources/VerSe.md,https://verse2020.grand-challenge.org/,"@article{sekuboyina2021verse,title={VerSe: a vertebrae labelling and segmentation benchmark for multi-detector CT images},author={Sekuboyina,Anjany and Husseini,Malek E and Bayat,Amirhossein and L{\""o}ffler,Maximilian and Liebl,Hans and Li,Hongwei and Tetteh,Giles and Kuka{\v{c}}ka,Jan and Payer,Christian and {\v{S}}tern,Darko and others},journal={Medical image analysis},volume={73},pages={102166},year={2021},publisher={Elsevier}
}",~\cite{sekuboyina2021verse}
Task614_LUNA16,LUNA16,https://zhuanlan.zhihu.com/p/688855198,https://github.com/openmedlab/Awesome-Medical-Dataset/blob/main/resources/LUNA16.md,https://luna16.grand-challenge.org/Download/,"@article{setio2017validation,title={Validation,comparison,and combination of algorithms for automatic detection of pulmonary nodules in computed tomography images: the LUNA16 challenge},author={Setio,Arnaud Arindra Adiyoso and Traverso,Alberto and De Bel,Thomas and Berens,Moira SN and Van Den Bogaard,Cas and Cerello,Piergiorgio and Chen,Hao and Dou,Qi and Fantacci,Maria Evelina and Geurts,Bram and others},journal={Medical image analysis},volume={42},pages={1--13},year={2017},publisher={Elsevier}
}",~\cite{setio2017validation}
Task104_Colorectal_Liver_Metastases,Colorectal_Liver_Metastases,https://zhuanlan.zhihu.com/p/4192156609,,https://wiki.cancerimagingarchive.net/pages/viewpage.action?pageId=89096268,"@article{simpson2024preoperative,title={Preoperative CT and survival data for patients undergoing resection of colorectal liver metastases},author={Simpson,Amber L and Peoples,Jacob and Creasy,John M and Fichtinger,Gabor and Gangai,Natalie and Keshavamurthy,Krishna N and Lasso,Andras and Shia,Jinru and D鈥橝ngelica,Michael I and Do,Richard KG},journal={Scientific Data},volume={11},number={1},pages={172},year={2024},publisher={Nature Publishing Group UK London}
}",~\cite{simpson2024preoperative}
Task109_SMILE-UHURA2023,SMILE-UHURA2023,https://zhuanlan.zhihu.com/p/688351484,https://github.com/openmedlab/Awesome-Medical-Dataset/blob/main/resources/SMILE-UHURA%202023.md,https://www.synapse.org/#!Synapse:syn47164761/files/,"@misc{smileuhura2023,
  author = {SMILE-UHURA Challenge 2023 Organizers},
  title = {SMILE-UHURA Challenge 2023: Small Vessel Segmentation at MesoscopIc ScaLE from Ultra-High ResolUtion 7T Magnetic Resonance Angiograms},
  year = {2023},
  url = {https://www.synapse.org/Synapse:syn47164761/wiki/620033}
}",~\cite{smileuhura2023}
Task666_MESSEG,MESSEG,https://zhuanlan.zhihu.com/p/710066790,,https://link.zhihu.com/?target=http%3A//www.ia.unc.edu/MSseg/index.html,"@article{styner20083d,
  title={3D segmentation in the clinic: A grand challenge II: MS lesion segmentation},
  author={Styner, Martin and Lee, Joohwi and Chin, Brian and Chin, M and Commowick, Olivier and Tran, H and Markovic-Plese, Silva and Jewells, Valerie and Warfield, Simon},
  journal={MIDAS journal},
  volume={2008},
  pages={1--6},
  year={2008}
}",~\cite{styner20083d}
Task114_Prostate-Anatomical-Edge-Cases,Prostate-Anatomical-Edge-Cases,,,https://wiki.cancerimagingarchive.net/pages/viewpage.action?pageId=145753229#14575322998a69c5e18ad4bc6830e870bde7ad1e6,"@misc{thompson2023,
  author = {Thompson, R. F. and Kanwar, A. and Merz, B. and Cohen, E. and Fisher, H. and Rana, S. and Claunch, C. and Hung, A.},
  title = {Stress-Testing Pelvic Autosegmentation Algorithms Using Anatomical Edge Cases (Prostate Anatomical Edge Cases) (Version 1)},
  year = {2023},
  publisher = {The Cancer Imaging Archive},
  url = {https://doi.org/10.7937/QSTF-ST65},
  note = {DOI: 10.7937/QSTF-ST65}
}",~\cite{thompson2023}
Task615_Chest_CT_Scans_with_COVID-19,Chest CT Scans with Covid-19,https://zhuanlan.zhihu.com/p/669964624,https://github.com/openmedlab/Awesome-Medical-Dataset/blob/main/resources/COVID-19-CT_SCAN_IMAGES.md,https://www.kaggle.com/soham1024/chest-ct-scans-with-covid19,"@dataset{tianchi93929,author       = {SunneYi},title        = {{Chest CT-Scan images Dataset}},year         = {2021},publisher    = {Tianchi},url          = {https://tianchi.aliyun.com/dataset/93929},}",~\cite{tianchi93929}
Task525_CMRxMotions,CMRxMotion,https://zhuanlan.zhihu.com/p/669423857,https://github.com/openmedlab/Awesome-Medical-Dataset/blob/main/resources/CMRxMotion.md,http://cmr.miccai.cloud/,"@misc{wang2022extreme,title={The Extreme Cardiac MRI Analysis Challenge under Respiratory Motion (CMRxMotion)},author={Shuo Wang and Chen Qin and Chengyan Wang and Kang Wang and Haoran Wang and Chen Chen and Cheng Ouyang and Xutong Kuang and Chengliang Dai and Yuanhan Mo and Zhang Shi and Chenchen Dai and Xinrong Chen and He Wang and Wenjia Bai},year={2022},eprint={2210.06385},archivePrefix={arXiv},primaryClass={eess.IV}
}",~\cite{wang2022extreme}
Task606_orCaScore,orCaScore,,,https://orcascore.grand-challenge.org/Download/,"@article{wolterink2016evaluation,
  title={An evaluation of automatic coronary artery calcium scoring methods with cardiac CT using the orCaScore framework},
  author={Wolterink, Jelmer M and Leiner, Tim and De Vos, Bob D and Coatrieux, Jean-Louis and Kelm, B Michael and Kondo, Satoshi and Salgado, Rodrigo A and Shahzad, Rahil and Shu, Huazhong and Snoeren, Miranda and others},
  journal={Medical physics},
  volume={43},
  number={5},
  pages={2361--2373},
  year={2016},
  publisher={Wiley Online Library}
}",~\cite{wolterink2016evaluation}
Task040_ATM22,ATM,https://zhuanlan.zhihu.com/p/655310191,https://github.com/openmedlab/Awesome-Medical-Dataset/blob/main/resources/ATM22.md,https://atm22.grand-challenge.org/,"@article{zhang2023multi,title={Multi-site,multi-domain airway tree modeling},author={Zhang,Minghui and Wu,Yangqian and Zhang,Hanxiao and Qin,Yulei and Zheng,Hao and Tang,Wen and Arnold,Corey and Pei,Chenhao and Yu,Pengxin and Nan,Yang and others},journal={Medical image analysis},volume={90},pages={102957},year={2023},publisher={Elsevier}
}",~\cite{zhang2023multi}
Task703_TDSC-ABUS2023,TDSC-ABUS2023,https://zhuanlan.zhihu.com/p/657996614,https://github.com/openmedlab/Awesome-Medical-Dataset/blob/main/resources/TDSC-ABUS2023.md,https://tdsc-abus2023.grand-challenge.org/Dataset/,"@article{zhou2021multi,title={Multi-task learning for segmentation and classification of tumors in 3D automated breast ultrasound images},author={Zhou,Yue and Chen,Houjin and Li,Yanfeng and Liu,Qin and Xu,Xuanang and Wang,Shu and Yap,Pew-Thian and Shen,Dinggang},journal={Medical Image Analysis},volume={70},pages={101918},year={2021},publisher={Elsevier}
}",~\cite{zhou2021multi}
,,,,,,
,,,,,,
